-- SmartSBA System Seed Data
-- This file populates the database with sample data for testing

-- First, insert schools (no foreign key dependencies)
INSERT INTO schools (id, name, address, phone, email, motto, logo_url) VALUES
('00000000-0000-0000-0000-000000000010', 'Bright Future International School', 'Ring Road East, Accra', '+233302123456', 'info@brightfuture.edu.gh', 'Excellence in Education', 'https://example.com/logo1.png'),
('00000000-0000-0000-0000-000000000020', 'St. Marys Girls Senior High School', 'Liberation Road, Tema', '+233303456789', 'info@stmarysgirl.edu.gh', 'Discipline and Hard Work', 'https://example.com/logo2.png');

-- Insert User Profiles (Note: user_id should reference auth.users, but for testing we'll use dummy UUIDs)
-- In production, these would be created when users sign up through Supabase Auth
INSERT INTO user_profiles (id, user_id, school_id, role, email, full_name, phone, address, staff_id, gender) VALUES
-- Super Admin (no school affiliation)
('10000000-0000-0000-0000-000000000001', '20000000-0000-0000-0000-000000000001', NULL, 'super_admin', 'admin@smartsba.com', 'System Administrator', '+233245000001', 'Head Office, Accra', NULL, 'male'),

-- School Admins  
('10000000-0000-0000-0000-000000000010', '20000000-0000-0000-0000-000000000010', '00000000-0000-0000-0000-000000000010', 'school_admin', 'kasante@brightfuture.edu.gh', 'Dr. Kwame Asante', '+233245000010', 'Bright Future School', 'BF-ADMIN-001', 'male'),
('10000000-0000-0000-0000-000000000020', '20000000-0000-0000-0000-000000000020', '00000000-0000-0000-0000-000000000020', 'school_admin', 'amensah@stmarysgirl.edu.gh', 'Mrs. Akosua Mensah', '+233245000020', 'St. Marys Girls School', 'SM-ADMIN-001', 'female'),

-- Teachers
('10000000-0000-0000-0000-000000000100', '20000000-0000-0000-0000-000000000100', '00000000-0000-0000-0000-000000000010', 'teacher', 'joppong@brightfuture.edu.gh', 'Mr. John Oppong', '+233245000100', 'Bright Future School', 'BF-TCH-001', 'male'),
('10000000-0000-0000-0000-000000000101', '20000000-0000-0000-0000-000000000101', '00000000-0000-0000-0000-000000000010', 'teacher', 'gadomah@brightfuture.edu.gh', 'Mrs. Grace Adomah', '+233245000101', 'Bright Future School', 'BF-TCH-002', 'female'),
('10000000-0000-0000-0000-000000000102', '20000000-0000-0000-0000-000000000102', '00000000-0000-0000-0000-000000000010', 'teacher', 'snkrumah@brightfuture.edu.gh', 'Mr. Samuel Nkrumah', '+233245000102', 'Bright Future School', 'BF-TCH-003', 'male'),
('10000000-0000-0000-0000-000000000200', '20000000-0000-0000-0000-000000000200', '00000000-0000-0000-0000-000000000020', 'teacher', 'mboateng@stmarysgirl.edu.gh', 'Ms. Mary Boateng', '+233245000200', 'St. Marys Girls School', 'SM-TCH-001', 'female'),
('10000000-0000-0000-0000-000000000201', '20000000-0000-0000-0000-000000000201', '00000000-0000-0000-0000-000000000020', 'teacher', 'eosei@stmarysgirl.edu.gh', 'Mrs. Elizabeth Osei', '+233245000201', 'St. Marys Girls School', 'SM-TCH-002', 'female'),

-- Students  
('10000000-0000-0000-0000-000000001000', '20000000-0000-0000-0000-000000001000', '00000000-0000-0000-0000-000000000010', 'student', NULL, 'Ama Osei', '+233245001000', 'Kumasi', NULL, 'female'),
('10000000-0000-0000-0000-000000001001', '20000000-0000-0000-0000-000000001001', '00000000-0000-0000-0000-000000000010', 'student', NULL, 'Kofi Asante', '+233245001001', 'Accra', NULL, 'male'),
('10000000-0000-0000-0000-000000001002', '20000000-0000-0000-0000-000000001002', '00000000-0000-0000-0000-000000000010', 'student', NULL, 'Akua Mensah', '+233245001002', 'Tema', NULL, 'female'),
('10000000-0000-0000-0000-000000001003', '20000000-0000-0000-0000-000000001003', '00000000-0000-0000-0000-000000000010', 'student', NULL, 'Kwaku Nkrumah', '+233245001003', 'Takoradi', NULL, 'male'),
('10000000-0000-0000-0000-000000001004', '20000000-0000-0000-0000-000000001004', '00000000-0000-0000-0000-000000000010', 'student', NULL, 'Efua Boateng', '+233245001004', 'Cape Coast', NULL, 'female'),
('10000000-0000-0000-0000-000000002000', '20000000-0000-0000-0000-000000002000', '00000000-0000-0000-0000-000000000020', 'student', NULL, 'Grace Adjei', '+233245002000', 'Accra', NULL, 'female'),
('10000000-0000-0000-0000-000000002001', '20000000-0000-0000-0000-000000002001', '00000000-0000-0000-0000-000000000020', 'student', NULL, 'Sarah Owusu', '+233245002001', 'Kumasi', NULL, 'female'),
('10000000-0000-0000-0000-000000002002', '20000000-0000-0000-0000-000000002002', '00000000-0000-0000-0000-000000000020', 'student', NULL, 'Rebecca Amoah', '+233245002002', 'Tema', NULL, 'female'),

-- Parents
('10000000-0000-0000-0000-000000003000', '20000000-0000-0000-0000-000000003000', NULL, 'parent', 'dosei@gmail.com', 'Mr. Daniel Osei', '+233245003000', 'Kumasi', NULL, 'male'),
('10000000-0000-0000-0000-000000003001', '20000000-0000-0000-0000-000000003001', NULL, 'parent', 'masante@gmail.com', 'Mrs. Mary Asante', '+233245003001', 'Accra', NULL, 'female'),
('10000000-0000-0000-0000-000000003002', '20000000-0000-0000-0000-000000003002', NULL, 'parent', 'rmensah@gmail.com', 'Mr. Robert Mensah', '+233245003002', 'Tema', NULL, 'male'),
('10000000-0000-0000-0000-000000004000', '20000000-0000-0000-0000-000000004000', NULL, 'parent', 'padjei@gmail.com', 'Dr. Peter Adjei', '+233245004000', 'Accra', NULL, 'male'),
('10000000-0000-0000-0000-000000004001', '20000000-0000-0000-0000-000000004001', NULL, 'parent', 'jowusu@gmail.com', 'Mrs. Joyce Owusu', '+233245004001', 'Kumasi', NULL, 'female');

-- Insert Academic Sessions
INSERT INTO academic_sessions (id, school_id, academic_year, term, start_date, end_date, vacation_date, reopening_date, is_current) VALUES
('30000000-0000-0000-0000-000000000001', '00000000-0000-0000-0000-000000000010', '2024/2025', '1', '2024-01-15', '2024-04-05', '2024-04-06', '2024-04-22', false),
('30000000-0000-0000-0000-000000000002', '00000000-0000-0000-0000-000000000010', '2024/2025', '2', '2024-04-22', '2024-07-12', '2024-07-13', '2024-09-09', true),
('30000000-0000-0000-0000-000000000003', '00000000-0000-0000-0000-000000000010', '2024/2025', '3', '2024-09-09', '2024-12-13', '2024-12-14', '2025-01-13', false),
('30000000-0000-0000-0000-000000000004', '00000000-0000-0000-0000-000000000020', '2024/2025', '1', '2024-01-15', '2024-04-05', '2024-04-06', '2024-04-22', false),
('30000000-0000-0000-0000-000000000005', '00000000-0000-0000-0000-000000000020', '2024/2025', '2', '2024-04-22', '2024-07-12', '2024-07-13', '2024-09-09', true);

-- Insert Classes
INSERT INTO classes (id, school_id, name, stream, level, description) VALUES
('40000000-0000-0000-0000-000000000001', '00000000-0000-0000-0000-000000000010', 'Form 1', 'A', 1, 'First year students - Stream A'),
('40000000-0000-0000-0000-000000000002', '00000000-0000-0000-0000-000000000010', 'Form 1', 'B', 1, 'First year students - Stream B'),
('40000000-0000-0000-0000-000000000003', '00000000-0000-0000-0000-000000000010', 'Form 2', 'A', 2, 'Second year students - Stream A'),
('40000000-0000-0000-0000-000000000004', '00000000-0000-0000-0000-000000000010', 'Form 3', 'A', 3, 'Third year students - Stream A'),
('40000000-0000-0000-0000-000000000005', '00000000-0000-0000-0000-000000000020', 'Form 1', 'A', 1, 'First year students - Stream A'),
('40000000-0000-0000-0000-000000000006', '00000000-0000-0000-0000-000000000020', 'Form 2', 'A', 2, 'Second year students - Stream A');

-- Insert Subjects
INSERT INTO subjects (id, school_id, class_id, name, code, is_core) VALUES
-- Core Subjects for Bright Future - Form 1A
('50000000-0000-0000-0000-000000000001', '00000000-0000-0000-0000-000000000010', '40000000-0000-0000-0000-000000000001', 'English Language', 'ENG', true),
('50000000-0000-0000-0000-000000000002', '00000000-0000-0000-0000-000000000010', '40000000-0000-0000-0000-000000000001', 'Mathematics', 'MATH', true),
('50000000-0000-0000-0000-000000000003', '00000000-0000-0000-0000-000000000010', '40000000-0000-0000-0000-000000000001', 'Integrated Science', 'SCI', true),
('50000000-0000-0000-0000-000000000004', '00000000-0000-0000-0000-000000000010', '40000000-0000-0000-0000-000000000001', 'Social Studies', 'SOC', true),

-- Core Subjects for Bright Future - Form 1B
('50000000-0000-0000-0000-000000000005', '00000000-0000-0000-0000-000000000010', '40000000-0000-0000-0000-000000000002', 'English Language', 'ENG', true),
('50000000-0000-0000-0000-000000000006', '00000000-0000-0000-0000-000000000010', '40000000-0000-0000-0000-000000000002', 'Mathematics', 'MATH', true),
('50000000-0000-0000-0000-000000000007', '00000000-0000-0000-0000-000000000010', '40000000-0000-0000-0000-000000000002', 'Integrated Science', 'SCI', true),

-- Elective Subjects for Bright Future - Form 2A
('50000000-0000-0000-0000-000000000008', '00000000-0000-0000-0000-000000000010', '40000000-0000-0000-0000-000000000003', 'Physics', 'PHY', false),
('50000000-0000-0000-0000-000000000009', '00000000-0000-0000-0000-000000000010', '40000000-0000-0000-0000-000000000003', 'Chemistry', 'CHEM', false),

-- Core Subjects for St. Marys - Form 1A  
('50000000-0000-0000-0000-000000000010', '00000000-0000-0000-0000-000000000020', '40000000-0000-0000-0000-000000000005', 'English Language', 'ENG', true),
('50000000-0000-0000-0000-000000000011', '00000000-0000-0000-0000-000000000020', '40000000-0000-0000-0000-000000000005', 'Mathematics', 'MATH', true),
('50000000-0000-0000-0000-000000000012', '00000000-0000-0000-0000-000000000020', '40000000-0000-0000-0000-000000000005', 'Integrated Science', 'SCI', true),
('50000000-0000-0000-0000-000000000013', '00000000-0000-0000-0000-000000000020', '40000000-0000-0000-0000-000000000005', 'Social Studies', 'SOC', true),

-- Elective Subjects for St. Marys - Form 2A
('50000000-0000-0000-0000-000000000014', '00000000-0000-0000-0000-000000000020', '40000000-0000-0000-0000-000000000006', 'Chemistry', 'CHEM', false),
('50000000-0000-0000-0000-000000000015', '00000000-0000-0000-0000-000000000020', '40000000-0000-0000-0000-000000000006', 'Home Economics', 'HOME', false);

-- Insert Teachers
INSERT INTO teachers (id, school_id, user_id, staff_id, specialization, qualification, hire_date, is_active) VALUES
('60000000-0000-0000-0000-000000000001', '00000000-0000-0000-0000-000000000010', '20000000-0000-0000-0000-000000000100', 'BF-TCH-001', 'English Language', 'Bachelor of Education', '2020-01-15', true),
('60000000-0000-0000-0000-000000000002', '00000000-0000-0000-0000-000000000010', '20000000-0000-0000-0000-000000000101', 'BF-TCH-002', 'Mathematics', 'Master of Science', '2019-09-01', true),
('60000000-0000-0000-0000-000000000003', '00000000-0000-0000-0000-000000000010', '20000000-0000-0000-0000-000000000102', 'BF-TCH-003', 'Science', 'Bachelor of Science', '2021-01-10', true),
('60000000-0000-0000-0000-000000000004', '00000000-0000-0000-0000-000000000020', '20000000-0000-0000-0000-000000000200', 'SM-TCH-001', 'English Language', 'Bachelor of Arts', '2018-08-15', true),
('60000000-0000-0000-0000-000000000005', '00000000-0000-0000-0000-000000000020', '20000000-0000-0000-0000-000000000201', 'SM-TCH-002', 'Science', 'Master of Science', '2020-02-01', true);

-- Insert Students
INSERT INTO students (id, school_id, user_id, admission_number, roll_number, class_id, date_of_birth, gender, guardian_name, guardian_phone, guardian_email, address, admission_date, is_active) VALUES
-- Bright Future Students
('70000000-0000-0000-0000-000000000001', '00000000-0000-0000-0000-000000000010', '20000000-0000-0000-0000-000000001000', 'BF2024001', '001', '40000000-0000-0000-0000-000000000001', '2008-05-15', 'female', 'Mr. Daniel Osei', '+233245003000', 'dosei@gmail.com', 'Kumasi', '2024-01-15', true),
('70000000-0000-0000-0000-000000000002', '00000000-0000-0000-0000-000000000010', '20000000-0000-0000-0000-000000001001', 'BF2024002', '002', '40000000-0000-0000-0000-000000000001', '2008-03-22', 'male', 'Mrs. Mary Asante', '+233245003001', 'masante@gmail.com', 'Accra', '2024-01-15', true),
('70000000-0000-0000-0000-000000000003', '00000000-0000-0000-0000-000000000010', '20000000-0000-0000-0000-000000001002', 'BF2024003', '001', '40000000-0000-0000-0000-000000000002', '2008-07-10', 'female', 'Mr. Robert Mensah', '+233245003002', 'rmensah@gmail.com', 'Tema', '2024-01-15', true),
('70000000-0000-0000-0000-000000000004', '00000000-0000-0000-0000-000000000010', '20000000-0000-0000-0000-000000001003', 'BF2023001', '001', '40000000-0000-0000-0000-000000000003', '2007-01-18', 'male', 'Mr. Daniel Osei', '+233245003000', 'dosei@gmail.com', 'Takoradi', '2023-01-15', true),
('70000000-0000-0000-0000-000000000005', '00000000-0000-0000-0000-000000000010', '20000000-0000-0000-0000-000000001004', 'BF2022001', '001', '40000000-0000-0000-0000-000000000004', '2006-11-25', 'female', 'Mrs. Mary Asante', '+233245003001', 'masante@gmail.com', 'Cape Coast', '2022-01-15', true),

-- St. Marys Students
('70000000-0000-0000-0000-000000000006', '00000000-0000-0000-0000-000000000020', '20000000-0000-0000-0000-000000002000', 'SM2024001', '001', '40000000-0000-0000-0000-000000000005', '2008-09-12', 'female', 'Dr. Peter Adjei', '+233245004000', 'padjei@gmail.com', 'Accra', '2024-01-15', true),
('70000000-0000-0000-0000-000000000007', '00000000-0000-0000-0000-000000000020', '20000000-0000-0000-0000-000000002001', 'SM2024002', '002', '40000000-0000-0000-0000-000000000005', '2008-06-08', 'female', 'Mrs. Joyce Owusu', '+233245004001', 'jowusu@gmail.com', 'Kumasi', '2024-01-15', true),
('70000000-0000-0000-0000-000000000008', '00000000-0000-0000-0000-000000000020', '20000000-0000-0000-0000-000000002002', 'SM2023001', '001', '40000000-0000-0000-0000-000000000006', '2007-04-14', 'female', 'Dr. Peter Adjei', '+233245004000', 'padjei@gmail.com', 'Tema', '2023-01-15', true);

-- Insert Parent-Student Links
INSERT INTO parent_student_links (parent_id, student_id, relationship, is_primary) VALUES
('10000000-0000-0000-0000-000000003000', '70000000-0000-0000-0000-000000000001', 'Father', true),
('10000000-0000-0000-0000-000000003001', '70000000-0000-0000-0000-000000000002', 'Mother', true),
('10000000-0000-0000-0000-000000003002', '70000000-0000-0000-0000-000000000003', 'Father', true),
('10000000-0000-0000-0000-000000003000', '70000000-0000-0000-0000-000000000004', 'Father', true),
('10000000-0000-0000-0000-000000003001', '70000000-0000-0000-0000-000000000005', 'Mother', true),
('10000000-0000-0000-0000-000000004000', '70000000-0000-0000-0000-000000000006', 'Father', true),
('10000000-0000-0000-0000-000000004001', '70000000-0000-0000-0000-000000000007', 'Mother', true),
('10000000-0000-0000-0000-000000004000', '70000000-0000-0000-0000-000000000008', 'Father', true);

-- Insert Teacher Assignments
INSERT INTO teacher_assignments (teacher_id, class_id, subject_id, is_class_teacher, academic_year) VALUES
-- Bright Future Assignments
('60000000-0000-0000-0000-000000000001', '40000000-0000-0000-0000-000000000001', '50000000-0000-0000-0000-000000000001', true, '2024/2025'), -- Mr. Oppong - English to Form 1A (Class Teacher)
('60000000-0000-0000-0000-000000000001', '40000000-0000-0000-0000-000000000002', '50000000-0000-0000-0000-000000000005', false, '2024/2025'), -- Mr. Oppong - English to Form 1B
('60000000-0000-0000-0000-000000000002', '40000000-0000-0000-0000-000000000001', '50000000-0000-0000-0000-000000000002', false, '2024/2025'), -- Mrs. Adomah - Math to Form 1A
('60000000-0000-0000-0000-000000000002', '40000000-0000-0000-0000-000000000002', '50000000-0000-0000-0000-000000000006', true, '2024/2025'), -- Mrs. Adomah - Math to Form 1B (Class Teacher)
('60000000-0000-0000-0000-000000000003', '40000000-0000-0000-0000-000000000001', '50000000-0000-0000-0000-000000000003', false, '2024/2025'), -- Mr. Nkrumah - Science to Form 1A
('60000000-0000-0000-0000-000000000003', '40000000-0000-0000-0000-000000000003', '50000000-0000-0000-0000-000000000008', true, '2024/2025'), -- Mr. Nkrumah - Physics to Form 2A (Class Teacher)

-- St. Marys Assignments
('60000000-0000-0000-0000-000000000004', '40000000-0000-0000-0000-000000000005', '50000000-0000-0000-0000-000000000010', true, '2024/2025'), -- Ms. Boateng - English to Form 1A (Class Teacher)
('60000000-0000-0000-0000-000000000005', '40000000-0000-0000-0000-000000000005', '50000000-0000-0000-0000-000000000012', false, '2024/2025'), -- Mrs. Osei - Science to Form 1A
('60000000-0000-0000-0000-000000000005', '40000000-0000-0000-0000-000000000006', '50000000-0000-0000-0000-000000000014', true, '2024/2025'); -- Mrs. Osei - Chemistry to Form 2A (Class Teacher)

-- Insert Sample Scores (Second Term 2024/2025)
INSERT INTO scores (student_id, subject_id, session_id, ca_score, exam_score, grade, position, subject_remark, entered_by) VALUES
-- Student 1 (Ama Osei) - Form 1A Bright Future
('70000000-0000-0000-0000-000000000001', '50000000-0000-0000-0000-000000000001', '30000000-0000-0000-0000-000000000002', 28, 67, 'A', 1, 'Excellent performance in English', '10000000-0000-0000-0000-000000000100'),
('70000000-0000-0000-0000-000000000001', '50000000-0000-0000-0000-000000000002', '30000000-0000-0000-0000-000000000002', 25, 60, 'A', 2, 'Very good in Mathematics', '10000000-0000-0000-0000-000000000101'),
('70000000-0000-0000-0000-000000000001', '50000000-0000-0000-0000-000000000003', '30000000-0000-0000-0000-000000000002', 22, 58, 'A', 1, 'Good understanding of Science', '10000000-0000-0000-0000-000000000102'),
('70000000-0000-0000-0000-000000000001', '50000000-0000-0000-0000-000000000004', '30000000-0000-0000-0000-000000000002', 20, 55, 'B', 2, 'Good performance in Social Studies', '10000000-0000-0000-0000-000000000100'),

-- Student 2 (Kofi Asante) - Form 1A Bright Future
('70000000-0000-0000-0000-000000000002', '50000000-0000-0000-0000-000000000001', '30000000-0000-0000-0000-000000000002', 24, 56, 'A', 2, 'Good progress in English', '10000000-0000-0000-0000-000000000100'),
('70000000-0000-0000-0000-000000000002', '50000000-0000-0000-0000-000000000002', '30000000-0000-0000-0000-000000000002', 27, 63, 'A', 1, 'Excellent in Mathematics', '10000000-0000-0000-0000-000000000101'),
('70000000-0000-0000-0000-000000000002', '50000000-0000-0000-0000-000000000003', '30000000-0000-0000-0000-000000000002', 20, 52, 'B', 2, 'Needs improvement in Science', '10000000-0000-0000-0000-000000000102'),

-- Student 3 (Akua Mensah) - Form 1B Bright Future
('70000000-0000-0000-0000-000000000003', '50000000-0000-0000-0000-000000000005', '30000000-0000-0000-0000-000000000002', 26, 59, 'A', 1, 'Very good in English', '10000000-0000-0000-0000-000000000100'),
('70000000-0000-0000-0000-000000000003', '50000000-0000-0000-0000-000000000006', '30000000-0000-0000-0000-000000000002', 23, 55, 'B', 1, 'Good in Mathematics', '10000000-0000-0000-0000-000000000101'),
('70000000-0000-0000-0000-000000000003', '50000000-0000-0000-0000-000000000007', '30000000-0000-0000-0000-000000000002', 25, 60, 'A', 1, 'Excellent in Science', '10000000-0000-0000-0000-000000000102'),

-- Student 6 (Grace Adjei) - Form 1A St. Marys
('70000000-0000-0000-0000-000000000006', '50000000-0000-0000-0000-000000000010', '30000000-0000-0000-0000-000000000005', 29, 71, 'A', 1, 'Outstanding in English', '10000000-0000-0000-0000-000000000200'),
('70000000-0000-0000-0000-000000000006', '50000000-0000-0000-0000-000000000011', '30000000-0000-0000-0000-000000000005', 26, 64, 'A', 1, 'Excellent in Mathematics', '10000000-0000-0000-0000-000000000200'),
('70000000-0000-0000-0000-000000000006', '50000000-0000-0000-0000-000000000012', '30000000-0000-0000-0000-000000000005', 24, 61, 'A', 1, 'Very good in Science', '10000000-0000-0000-0000-000000000201'),
('70000000-0000-0000-0000-000000000006', '50000000-0000-0000-0000-000000000013', '30000000-0000-0000-0000-000000000005', 21, 54, 'B', 1, 'Good in Social Studies', '10000000-0000-0000-0000-000000000200'),

-- Student 7 (Sarah Owusu) - Form 1A St. Marys
('70000000-0000-0000-0000-000000000007', '50000000-0000-0000-0000-000000000010', '30000000-0000-0000-0000-000000000005', 22, 53, 'B', 2, 'Good progress in English', '10000000-0000-0000-0000-000000000200'),
('70000000-0000-0000-0000-000000000007', '50000000-0000-0000-0000-000000000011', '30000000-0000-0000-0000-000000000005', 20, 50, 'B', 2, 'Satisfactory in Mathematics', '10000000-0000-0000-0000-000000000200'),
('70000000-0000-0000-0000-000000000007', '50000000-0000-0000-0000-000000000012', '30000000-0000-0000-0000-000000000005', 23, 57, 'A', 2, 'Very good in Science', '10000000-0000-0000-0000-000000000201'),
('70000000-0000-0000-0000-000000000007', '50000000-0000-0000-0000-000000000013', '30000000-0000-0000-0000-000000000005', 19, 46, 'C', 2, 'Needs improvement', '10000000-0000-0000-0000-000000000200');

-- Insert Sample Attendance Records
INSERT INTO attendance (student_id, session_id, present_days, total_days, entered_by) VALUES
('70000000-0000-0000-0000-000000000001', '30000000-0000-0000-0000-000000000002', 82, 85, '10000000-0000-0000-0000-000000000100'),
('70000000-0000-0000-0000-000000000002', '30000000-0000-0000-0000-000000000002', 80, 85, '10000000-0000-0000-0000-000000000100'),
('70000000-0000-0000-0000-000000000003', '30000000-0000-0000-0000-000000000002', 84, 85, '10000000-0000-0000-0000-000000000101'),
('70000000-0000-0000-0000-000000000004', '30000000-0000-0000-0000-000000000002', 78, 85, '10000000-0000-0000-0000-000000000102'),
('70000000-0000-0000-0000-000000000005', '30000000-0000-0000-0000-000000000002', 83, 85, '10000000-0000-0000-0000-000000000102'),
('70000000-0000-0000-0000-000000000006', '30000000-0000-0000-0000-000000000005', 85, 85, '10000000-0000-0000-0000-000000000200'),
('70000000-0000-0000-0000-000000000007', '30000000-0000-0000-0000-000000000005', 81, 85, '10000000-0000-0000-0000-000000000200'),
('70000000-0000-0000-0000-000000000008', '30000000-0000-0000-0000-000000000005', 79, 85, '10000000-0000-0000-0000-000000000201');

-- Insert Class Teacher Remarks (optional - for students with specific comments)
INSERT INTO class_teacher_remarks (student_id, session_id, remark, promotion_status, entered_by) VALUES
('70000000-0000-0000-0000-000000000001', '30000000-0000-0000-0000-000000000002', 'Excellent student with great leadership potential. Shows consistent performance across all subjects.', 'promoted', '10000000-0000-0000-0000-000000000100'),
('70000000-0000-0000-0000-000000000002', '30000000-0000-0000-0000-000000000002', 'Good student, very hardworking. Excellent in Mathematics but needs to improve in Science.', 'promoted', '10000000-0000-0000-0000-000000000100'),
('70000000-0000-0000-0000-000000000003', '30000000-0000-0000-0000-000000000002', 'Outstanding character and academic performance. A well-rounded student.', 'promoted', '10000000-0000-0000-0000-000000000101'),
('70000000-0000-0000-0000-000000000006', '30000000-0000-0000-0000-000000000005', 'Exemplary student and natural leader. Top performer in all subjects.', 'promoted', '10000000-0000-0000-0000-000000000200'),
('70000000-0000-0000-0000-000000000007', '30000000-0000-0000-0000-000000000005', 'Good character, needs to improve effort in some subjects. Shows potential.', 'promoted', '10000000-0000-0000-0000-000000000200');
